CKG_NM,CKG_MTRL_CN
어묵김말이,[재료] 어묵 2개| 김밥용김 3장| 당면 1움큼| 양파 1/2개| 당근 1/2개| 깻잎 6장| 튀김가루 1컵 | 올리브유 적당량| 간장 1T| 참기름 1T
두부새우전,[재료] 두부 1/2모| 당근 1/2개| 고추 2개| 브로콜리 1/4개| 새우 4마리| 녹말가루| 계란 1개
알밥,[재료] 밥 1+1/2공기| 당근 1/4개| 치자단무지 1/2개| 신김치 1쪽| 무순 약간| 날치알 6스푼| 김가루 약간| 후리가케(또는밥이랑같은류)| 참기름 약간| 통깨 약간| 계란 노른자 2알
현미호두죽,[재료] 현미 4컵| 찹쌀 2컵| 호두 50g| 물 1/2컵| 소금 약간
북어갈비,[재료] 북어포 1마리| 찹쌀가루 1C [양념] 간장 2T| 설탕 1T| 물 1T| 다진파 1T| 다진마늘 1T| 참기름 1T| 깨소금 1T| 후춧가루 약간
토마토스파게티,[재료] 파스타면 [양념] 토마토 1개| 토마토 페이스트 3T| 양파 1/2개| 다진마늘 1T| 피망 1/2개| 올리브유 3T
표고버섯탕수,[재료] 건표고버섯 9개| 오이 1/2개| 당근 1/2개| 양파 1/2개| 사과 1/2쪽| 그외의 야채| 과일 [녹말물] 녹말가루 2C| 물 1C| 계란 노른자 1개 [탕수 소스] 물 2C| 설탕 1/2C| 식초 3T| 간장 1T| 녹말물 2T
갈릭치킨,[재료] 닭 1마리 [닭양념] 통마늘 3개| 다진마늘 1T| 화이트와인또는우유| 올리브유또는버터| 마늘솔트또는소금 [샐러드 드레싱] 파인애플 2쪽| 마요네즈 2T| 머스터드 1T| 식초1/2T(또는 레몬즙) | 꿀 1T
양파링튀김,[재료] 양파1개| 빵가루| 달걀 노른자1개| 밀가루1C| 물 약간| 파슬리 
참치삼각김밥,[재료] 밥 2공기| 참치캔 큰거 1개| 양파| 다진김치| 김밥용김 [양념] 고추장| 다진마늘| 참기름| 맛소금| 마요네즈
뚝배기해물떡볶이,[재료] 떡볶이떡 150g| 당근 1/2개| 파 1뿌리| 양파 1/2개| 양배추 1/4통| 어묵 2장| 오징어| 새우| 조갯살| 홍합살 [양념장] 고춧가루 2T| 고추장 1T| 물엿 1T| 간장 1T| 참기름 1T| 다진 마늘 1/2T| 깨 1/2T| 후추가루 약간
스팸샌드위치,[재료] 스팸 싱글 1팩| 샌드위치용 식빵2쪽| 토마토 1개| 상추 2쪽| 치즈 1장 [양념] 홀그레인머스터드| 허니머스터드| 다진양파
참치깻잎주먹밥,[재료] 밥 2공기| 깻잎 10장| 참치 작은캔 1개| 당근1/2개| 조미 김10장 [양념] 다진 마늘1/4t개| 깨소금| 맛소금| 참기름
새우볶음밥고로케,[재료] 새우 10마리| 밥 2공기| 김치 1/4포기| 당근 1/2개| 감자 1/2개| 양파 1/2개| 빵가루| 달걀| 밀가루
스팸쌈밥,[재료] 밥 2공기| 상추(작은걸로골라서)나그외쌈야채| 스팸| 밑반찬 [양념] 참기름 1/2t| 맛소금 약간 | 깨 약간 
베이컨김치말이밥,[재료] 밥 1공기| 김치 1/6포기| 베이컨 적당량 | 깻잎 5장| 양파 1/4개
스팸오이식빵롤,[재료] 식빵 4장| 스팸 1/3캔| 오이 1개| 체다치즈(노란치즈) [양념] 머스터드| 피클| 마요네즈
고구마치즈스틱,[재료] 고구마 큰거 2개| 모차렐라치즈(피자치즈) 1/2개| 버터 1T| 밀가루| 빵가루| 달걀 1개
오징어볶음우동,[재료] 오징어 1마리| 양파 1/4개| 대파 1/2쪽| 당근 1/3개| 청고추 1개| 홍고추 1개 [양념] 고추장 1T| 고춧가루 1T| 다진 마늘 1T| 참기름 1T| 설탕 1t| 간장 1t| 청주 1t| 후추 약간| 소금 약간
호두가래떡구이,[재료] 가래떡 1개| 호두 15알 정도 [양념] 깨 3T| 꿀 5T
카레새우삼각김밥,[재료] 새우 7마리| 양파 1/4개| 김치 1/6포기| 밥지을쌀| 김밥용김| 계란| 밀가루| 빵가루 [양념] 백세 카레가루 2T
블루베리쨈,[재료] 블루베리 500g| 설탕 150g| 레몬즙 2T| 럼 1T| 모닝빵 3개
미니새우버거,[재료] 모닝빵 3개| 새우 10마리| 상추 3장| 토마토 1개| 피클 약간| 마요네즈 [패티양념] 다진양파 1/2개| 빵가루| 밀가루| 계란| 소금| 후추
고구마그라탕,[재료] 고구마 으깬것 250g| 생크림 2큰술| 설탕 1큰술| 버터 1큰술| 아몬드슬라이스| 모짜렐라치즈 [커스타드크림] 우유 270ml| 박력분 25g| 노른자 3개| 설탕 60g| 바닐라오일 약간| 버터 20g
밤식빵,[재료] 국내산 제빵용 쌀가루 390그램| 계란 1개| 우유 250~270ml| 인스턴트 드라이 이스트 4그램| 소금 4그램| 버터 50그램| 설탕 50그램| 밤조림 150그램| 아몬드 슬라이스 30그램. [쿠키반죽] 버터 75그램| 설탕 75그램| 노른자 1개| 박력분 110그램| 바닐라오일 약간
고구마보트,[재료] 고구마 5개| 생크림 3큰술| 버터 2큰술| 커스타드크림 100g| 설탕 1큰술| 소금 약간 | 소금 약간| 설탕 1큰술
감자스프,[재료] 감자(中) 2개| 생크림 1C| 우유 1C| 양파 1/2개| 베이컨 2장| 체다치즈 1장| 피자치즈 약간 [양념] 버터 1T| 육수 1C
뚝배기라면,[재료] 좋아하는 종류의 라면 1봉지| 김치 1/4포기| 굴 5~6개| 파 1개| 청or홍고추 1개 [양념] 고춧가루 약간
포테이토스킨,[재료] 감자 4개| 올리브유 약간| 베이컨 4장| 모짜렐라치즈 200그램| 파슬리 약간 [양념] 소금 약간
오코노미야키,[재료] 양배추 1/2통| 숙주 1줌| 오징어 1마리| 새우 6마리| 베이컨 2줄| 계란 1개| 실파 약간 [오코노미야키반죽] 밀가루 1C| 물 1C| 혼다시 1T| 후추&소금 약간 [양념] 돈가스소스| 마요네즈
야끼만두,[재료] 당면 2줌| 부추 1줌| 만두피 10장 [양념] 간장 2T| 물엿 또는 설탕 1T| 참기름 1T| 다진 파 1T| 다진 마늘 1T | 소금 약간| 후추 약간
두부조림,[재료] 손두부 1모| 포도씨유| 소금 약간| 꽈리고추 1줌| 양파 1/2개| 대파 1줄기 [양념장] 간장 70ml| 물 300ml| 설탕 1큰술| 물엿 or요리당 1큰술| 굴소스 1큰술| 고춧가루 2큰술| 마늘 1/2큰술| 후춧가루 1작은술
매운갈비찜,[재료] 갈비 900그램| 월계수잎 3장| 통마늘 7쪽| 후춧가루 1/2큰술| 청주 1큰술| 감자 2개| 양파 1개 [양념] 고춧가루 1컵(대략 8큰술)| 간장 1컵(8큰술)| 청량고추 3개| 통마늘 10개| 청주 3큰술| 설탕 3큰술| 생강가루 1/2큰술| 참기름 1+1/2큰술| 양파 1개| 파인애플 2쪽| 양겨자가루 3큰술
어묵볶음,[재료] 어묵 500g| 포도씨유 적당량 | 꽈리고추 1줌| 양파 1/2개| 느타리버섯 1줌| 대파 1줄기| 물 1/4컵 [양념] 간장 70ml| 물 30ml| 설탕 1큰술| 물엿 2큰술| 굴소스 1큰술| 고춧가루 1큰술| 마늘 1/2큰술| 후춧가루 1작은술| 통깨 약간 
버팔로윙스,[재료] 닭날개 20개| 재움용 우유 1컵 [허니머스타드소스] 머스타드 1큰술| 마요네즈 1큰술| 꿀 1큰술 [버팔로윙스 소스] 올리브유 1/3컵| 버터 2큰술| BBQ소스 2큰술| A1소스 1큰술| 고운고춧가루 (or파프리카가루) 2작은술| 케첩 1큰술| 후춧가루 1작은술| 다진마늘 1작은술| 핫소스 4큰술| 파슬리 2작은술| 오레가노 1작은술
꼬마김밥,[재료] 밥 2공기| 김밥용어묵| 오이 1/2개| 캔햄이나김밥용햄| 김밥용단무지| 김 [양념] 참기름 1T| 맛소금 1T
홍시아이스크림,[재료] 홍시 또는 대봉시 큰것 6~7개| 생크림 300그램 [양념] 설탕 또는 꿀 3큰술| 레몬즙 1큰술
단호박사블레,[재료] 박력분 210그램| 단호박가루 45그램| 버터 180그램| 슈가파우더 78그램| 호박씨 50그램| 바닐라오일 약간| 계란흰자 약간| 설탕 약간
뮈슬리초코칩쿠키,[재료] 박력분 250그램| 버터 135그램| 베이킹 파우더 4그램| 베이킹 소다 2그램| 계란 1개| 설탕 125그램| 초코칩 200그램| 유기농 초코 뮈슬리 100~150그램
아몬드타르트,[타르트지 재료] 버터 70g| 박력분 130g| 소금 1g| 설탕 5g| 계란 1개 [아몬드크림] 버터 40g| 크림치즈 40g| 설탕 60g| 생크림 20g| 계란 1개| 아몬드가루 120g| 코코넛가루 30g| 바닐라 오일 1ts| 럼주 1Ts| 견과류 적당량
홍시요거트,[재료] 홍시 큰것 4~5개 [양념] 설탕 4~5큰술| 레몬즙 1큰술| 플레인 요거트 1000ml
파네토네,[재료] 강력분 600그램| 우유 250그램| 인스턴드 드라이 이스트 16그램| 소금 9그램| 설탕 108그램| 레몬즙 1큰술| 버터 120그램| 계란 2개| 꿀 12그램| 각종 당절임 과일 240그램| 럼주 1컵 정도| 토핑용 버터 약간
소고기크림치즈오븐스파게티,[재료] 배추김치 50g| 김밥 속에 넣었던 소고기 50g| 체다치즈 1장| 스파게티 국수 1인분| 모짜렐라 치즈 적당량 [양념] 헤비위핑크림 150g
돼지고기김치찌개,[재료] 돼지고기 아무부위나 200g| 감자 중간크기 1개| 양파 1/2개| 두부 1/2모 [양념] 고추장 3큰술| 된장 1큰술| 물| 마늘 다진것 1큰술| 참기름 1작은술
밤머핀,[재료] 박력분 250그램| 버터 100그램| 설탕 80그램| 밤페이스트 70그램| 장식용 밤조림 6개| 베이킹파우더 2ts| 계란 2개| 우유 120ml| 밤조림 150그램| 바닐라오일 약간
찜닭,[재료] 닭 중간크기 1마리| 청양고추 5개| 건고추 5개| 양파 1개| 감자 3개| 당면 1줌| 대파 2줄기| 물 1컵 [닭 밑간] 생강즙 1큰술| 후춧가루 1/2큰술| 마늘 1/2큰술| 청주 1큰술 [양념장] 설탕 3+1/2큰술| 간장 110ml| 캬라멜소스 1/2큰술| 청양고추 5개| 후춧가루 1/2큰술| 다진마늘 1/2큰술| 참기름 1큰술
바나나프렌치토스트,[재료] 브리오슈슬라이스(약간 두툼하게) 2장| 바나나 1/2개| 계란 1개| 우유 1TBSP| 버터 조금| 베이컨 4장| 좋아하는 과일 [양념] 소금 1꼬집| 시럽 적당량| 슈거파우더 적당량
단호박해물치즈구이,[재료] 단호박 작은크기 1통| 낙지 작은크기 1마리| 모듬해물 1줌| 칵테일 새우 1줌| 양파 작은크기 1/2개| 파프리카 1/2개| 대파 1줄기| 떡볶이떡 1줌| 피자치즈 200g [양념장] 고추장 2+1/2큰술| 고춧가루 1/2큰술| 굴소스 2큰술| 다진마늘 1작은술| 후춧가루 1작은술| 설탕 1/2큰술| 요리당 1큰술
파스타,[재료] 앤젤헤어 파스타 1인분| 명란 2개| 마늘 다진것 1큰술| 우메보시 1개 [양념] 참기름 2큰술| 시칠미 적당량
갸토쇼콜라,[재료] 박력분 40g| 코코아가루 50g| 다크초콜릿 100g| 버터 90g| 달걀 4개| 설탕 120개| 생크림 60g [데코레이션] 슈가파우더| 생크림
찹스테이크,[재료] 한우 우둔살 400그램| 파프리카 1개| 피망 1개| 양파 큰것 1/2개| 새송이버섯 1송이| 카놀라유 1큰술| 애호박 1/3개| 후춧가루 2 작은술| 청주 1큰술| 허브솔트 1/2큰술| A1소스 2큰술| 바베큐소스 2큰술 [볶음밥 ] 남은야채| 소고기| 소금 약간| 카놀라유 적당량| 굴소스 약간
바질페스토,[재료] 바질잎 50g| 통마늘 1쪽| 잣 20개| 올리브오일 180ml| 파마산치즈 25g
포카치아,[재료] 강력분 500그램| 설탕 10그램| 소금 10그램| 몰트 1그램| 양파 중간것 1개| 올리브 20개 이상| 올리브유 60cc| 물 350cc| 드라이이스트 8그램 (올리브유 약간)
흑미와플,[재료] 흑미가루 120g| 노른자 2개| 설탕 1큰술| 소금 1/3작은술| 바닐라오일 약간| 베이킹 파우더 1작은술| 우유 100ml| 버터 60g| 흰자 2개| 설탕 1큰술
쏘야볶음,[재료] 후랑크소세지(줄줄이비엔나) 10개| 파프리카 1+1/2개| 양파 큰것 1개| 당근 1/2개| 대파 1줄기| 올리브유 적당량 [양념] 굴소스 1큰술| 케찹 10큰술| 설탕 1/2큰술| 후춧가루 약간
튜나에그샌드위치,[재료] 식빵 6장| 양상추 4쪽| 슬라이스햄| 토마토| 양겨자| 마요네즈| 후추 약간 | 레몬즙| 크림치즈| 계란 6개| 다진양파 1개분
푸딩,[푸딩액 재료] 우유 300g| 설탕 60g| 계란 3개| 바닐라오일 2방울 [카라멜소스] 설탕 60g| 물 4큰술
오븐웨지감자,[재료] 감자 중간것 4개 [양념] 올리브유(or카놀라유) 2큰술| 소금 1작은술| 후춧가루 약간| 파슬리가루 약간| 다진마늘 1/2큰술 [소스] 사워크림| 케첩| 살사소스| 치즈소스
대추스콘,[재료] 강력분 150그램| 박력분 150그램| 설탕 20그램| 소금 2그램| 베이킹 파우더 5그램| 버터 45그램| 건포도 6그램| 달갈 1개| 우유 100ml| 대추야자 씨뺀것 70그램| 계란물 약간
사천짜장떡볶이,[재료] 떡볶이떡 400~500그램 정도| 양파 1/2개| 양배추 큰것 1/8통| 대파 2줄기| 어묵 2장| 쫄면 200그램 정도| 물 또는 육수 1+1/2컵 [양념] 다*다(소고기맛 조미료) 1/2큰술| 춘장 2큰술| 고추장 1큰술| 설탕 2큰술| 다진마늘 1큰술
미니고구마,[재료] 고구마 중간것 5개| 생크림 6~7큰술| 적고구마가루 5큰술| 블럭모짜렐라치즈 100그램 [양념] 설탕 2큰술
바나나찹쌀떡,[재료] 찹쌀가루(습식) 400그램| 찬물 220그램| 바나나 중간것 2개| 옥수수전분 적당량 [양념] 팥앙금 500그램
카레어묵전골,[재료] 어묵 1팩| 팽이버섯 2봉지| 쑥갓 약간| 당근 1/2개| 표고버섯 2개| 대파 1쪽 [카레육수] 물 3컵| 백세카레가루 2T| 가쓰오부시장국 4T
모카머핀,[재료] 박력분 200g| 버터 160g| 설탕 160g| 베이킹파우더 1T| 계란 3개| 우유 2T| 초코칩 40g [양념] 커피액기스 2T| 소금 약간
버섯포카치아,[재료] 박력분 250g| 물 160g| 말린표고버섯 5개| 이스트 5g [양념] 설탕 1T| 소금 1T| 간장 1T| 참기름 1T | 올리브오일 약간
어묵,[재료] 어묵 1봉지| 양배추 1/4통 [육수재료] 무 1/3개| 파 1뿌리| 양파 1/2개| 건새우 약간| 다시마 약간| 청양고추 2개 [양념] 고춧가루 3T| 고추장 2T| 간장 2T| 설탕 1T| 물엿 1T| 다진마늘 1T| 청주 1T| 후추가루 약간
크림소스,[재료] 홍합| 베이컨 2줄| 양파 1/2개| 파프리카 1/4개| 파슬리 [양념] 생크림 2컵| 치즈 취향것
파니니,[재료] 강력분 500그램| 몰트 1그램| 인스턴트 드라이이스트 8그램| 카놀라유 라이트 60CC| 미지근한 물 330cc| 소금 6그램| 설탕 10그램
파니니,[재료] 파니니 5개| 불고기 양념한것 500그램| 닭가슴살 3쪽| 양상추 또는 로메인 10장| 토마토 중간것 2개| 양파 중간것 1개| 치즈 5장| 달걀 3개| 슬라이스햄 10장| 피클다진것 [양념] 머스터드소스| 마요네즈| 버터| 올리브유| 시즈닝솔트
리코타치즈,[재료] 우유 1000ml| 생크림 500ml [양념] 레몬즙(1개분) 6큰술| 소금 1/2~1스푼
시나몬큐브,[재료] 박력분 100그람| 버터 70그람| 바닐라오일 1~2방울| 아몬드파우더 20그람| 소금 1/4ts| 슈가파우더 30그람| 베이킹파우더 1/4ts| 시나몬파우더 1/2ts [양념] 장식용 슈가파우더 1컵
초코바나나머핀,[재료] 바나나 으깬것 3개 | 토핑용 바나나 2개| 버터 200그램| 설탕 200그램| 박력분 370그램| 코코아가루 30그램| 초코칩 50그램| 베이킹 파우더 1ts| 베이킹소다 1ts| 생크림 200ml| 바닐라오일 약간
애호박사워크림케이크,[재료] 박력분 285그램| 버터 88그램| 계란 3개| 설탕 180그램| 애호박 160그램| 우유 3~5큰술| 사워크림 250그램| 베이킹 파우더 4그램| 소금 4그램| 바닐라오일 약간| [스트로이젤]| 박력 80그램| 버터 40그램| 설탕 40그램
브라우니,[재료] 다크커버춰 200g| 버터 100g| 박력분 100g| 코코아 20g| 흑설탕 100g| 계란 3개| 인스턴트 커피 1Ts| 깔루아 3Ts| 견과류 적당히
피낭시에,[재료] 백미가루 75g| 아몬드가루 72g| 슈가파우더 180g| 베이킹 파우더 2g| 바닐라가루 2g| 계란 흰자 200g| 트리몰린(물엿) 18g| 버터 110g
소세지크로와상,[재료] 강력분 360g| 박력분 90g| 물 200g| 드라이 이스트 11g| 소금 9g| 설탕 67g| 버터 45g| 탈지분유 13g| 달걀 1개| 충전용 버터 350g| 달걀 물 약간
뮈슬리바,[재료] 유기농 뮈슬리 250g| 버터 25g| 요리당 50g| 꿀 50g| 호박씨 50g
그린티현미쉬폰,[재료] 현미가루 80g| 노른자 4개| 설탕40g| 우유 또는 물 60ml| 말차가루 7~8g| 포피시드 10~15g| 흰자 4개| 설탕 40g| 카놀라유 또는 녹인버터 55g
카레,[재료] 돼지고기| 당근| 감자| 파프리카| 양파| 올리브유 [양념] 시즈닝솔트| 후춧가루| 파키스탄카레| 한국카레| 일본카레
불닭퀘사디아,[재료] 닭가슴살 4쪽| 각종 야채 [또띠아 재료] 홍피망 1/2개| 청피망 1/2개| 양파 1/2개| 청량고추 3개| 또띠아 8장| 스위트콘 5~6큰술| 올리브유 적당량| 피자치즈 넉넉히 [또띠아 양념] 칠리소스 적당량 [야채 밑간] 시즈닝솔트 1작은술| 굴소스 1작은술 [불닭양념] 고추장 3큰술| 고춧가루 2큰술| 고추기름 1/2큰술| 후춧가루 1/2큰술| 칠리소스 1큰술| 다진마늘 1큰술| 굴소스 3/4큰술| 설탕 1/2큰술 [닭 밑간] 청주 1큰술| 시즈닝솔트 2/4큰술| 생강즙 1/2큰술
계란빵,[재료] 핫케이크가루 300g| 우유 180~200ml| 슬라이스치즈 2장| 파슬리가루 약간| 달걀 3개| 메추리알 12개 [양념] 마요네즈| 소금| 후추| 설탕
초코칩머핀,[재료] 루프 유기농 초코칩 머핀믹스 1개| 올리브유나 카놀라유 150ml| 계란 3개| 우유 50ml [양념] 코팅용 초콜렛 200g| 아몬드 다진것 적당히
얼큰수제비,[수제비 반죽] 중력분 500그람| 찬물 300그람| 올리브유 2큰술| 소금 1작은술| 양파 1/2개| 호박 1/4개| 감자 큰것 2개| 대파 1줄기| 청량고추 3~4개| 다진 마늘 1큰술| 참치캔 작은것 1개| 느타리버섯 약간| 물 3.5컵 [양념] 고추장 3큰술| 혼다시 1작은술| 후추 1작은술| 고춧가루 3큰술
시나몬롤,[재료] 루프 유기농 통밀브레드믹스 1봉지| 우유 330ml| 카놀라유 1큰술 [시나몬롤 아이싱] 크림치즈 85그램| 버터 1/4컵| 슈가파우더 1/4컵| 바닐라오일 약간 [시나몬롤 필링] 황설탕 또는 흑설탕 100그램| 시나몬가루 1큰술| 땅콩분태 1줌
오이무침,[재료] 오이 1개 [양념] 소금 1작은술| 대파다진것 1큰술| 마늘 1작은술| 고추장1작은술| 고춧가루 1작은술| 설탕 1작은술| 깨소금 1작은술| 식초 1작은술| 참기름 1작은술| 통깨 조금
식빵꽃,[재료] 강력분 200g| 박력분 100g| 우유 100g| 물 100g| 설탕 30g| 버터 30g| 인스턴트이스트 4g| 소금 3g| 녹차가루 1ts| 따듯한물 1큰술| 적고구마 1Ts| 딸기쥬스가루 1ts| 물 1큰술
쇼콜라케이크,[재료] 초콜렛 100g| 버터 60g| 박력분 20g| 코코아파우더 40g| 노른자 60g| 설탕 40g| 생크림 50g| 오렌지술 2T| 오렌지제스트 2ts| 다크초코렛 150g| 건조딸기 조금| 피스타치오 조금 [머랭] 흰자 120g| 설탕 50g
전자렌지딸기찹쌀떡,[재료] 딸기 10개| 녹말가루 1/2컵| 팥소 200g| 찹쌀가루 100g| 물 180cc| 설탕 50g
닭고기샌드위치,[재료] 닭고기안심살 12매| 베이비채소 30g| 파프리카 조금| 식빵 2장 [식빵 소스] 허브솔트 1/2큰술| 올리브유 2큰술| 머스터드 1/2큰술| 꿀 1큰술| 바베큐소스 5~7큰술 [샐러드 드레싱] 올리브오일 1T| 식초 1T| 꿀 1T| 소금 1/2T| 후추 조금| 오렌지쥬스 2T
깻잎떡볶이,[재료] 떡볶이떡 400g| 어묵 2장| 양파작은거 1개| 양배추 조금| 깻잎 1묶음| 물국대접 2개 [양념] 고추장 1큰술| 고추가루 1큰술| 찹쌀엿 2큰술| 다시다 조금| 소금 1/2큰술
연어또띠아말이,[재료] 또띠아 2장| 훈제연어 100g| 양파 1/4개| 오이 1/2개| 상추 4장| 오렌지 1개| 마요네즈 2큰술| 케이퍼 10알
김치볶음밥,[재료] 밥 2공기| 김치 1포기| 어묵 3장| 계란 2개| 파슬리 약간 [양념] 설탕 1/2큰술| 굴소스 1큰술| 통깨 약간| 들기름 2.5큰술
바나나머핀,[재료] 바나나 작은것 2개| 버터 50g| 박력분 70g| 설탕 30g| 계란 1개| 베이킹파우더 1ts| 물엿 40g| 꿀 40g| 캬라멜소스 20g| 럼주 1Ts| 코코넛 슬라이스 조금 [캬라멜 ] 설탕 50g| 물 1큰술
모밀국수,[재료] 다시마| 가다랑이포| 모밀면| 김| 대파| 유부 [양념] 간장| 미림
토마토카프레제샐러드,[재료] 토마토 1개| 바질 1줌| 생모짜렐라치즈 125g| 양파 약간 [소스] 올리브오일 2스푼| 발사믹식초 1스푼| 꿀 1스푼| 소금 0.5스푼| 레몬즙 0.5스푼| 후춧가루 약간
오징어청양고추조림,[재료] 오징어링 500g| 마른고추 큰것 2~3개| 다시마 약간| 통마늘 4개| 청양고추 2개 [양념] 물 1/2컵| 맛간장 1/2컵| 생강맛술 2스푼| 올리고당 2스푼| 설탕 0.5스푼| 후춧가루 약간
카야쨈호떡,[재료] 호떡믹스| 카야잼| 피칸
초콜렛치즈머핀,[재료] 초코머핀믹스 1봉| 카놀라유 150ml| 계란 2개| 흰자 1개| 크림치즈 100g [치즈토핑크림] 노른자 1개| 슈가 파우더 25g| 크림치즈 100g
샐러드오므라이스,[재료] 찬 밥 2공기| 양파 1/4개| 닭살 1/2공기| 계란 3개| 식용유 2스푼| 물 1/4컵| 샐러드 채소 [양념] 데이브스 고메 파스타소스 1/2컵| 멜린다 핫소스 5스푼| 소금 0.5스푼| 후추 약간| 호두아몬드 드레싱 적당량
어묵볶음,[재료] 어묵 길쭉한것 5장| 돼지호박 1/5개| 풋고추 1개| 홍고추 1/2개| 양파 1/2개| 통마늘 3개| 식용유 2스푼 [양념] 진간장 2스푼| 소금 약간| 고춧가루 1스푼| 생강맛술 1스푼| 설탕 0.5스푼| 물엿(또는 올리고당) 1스푼| 후춧가루 약간| 깨소금 약간| 참기름 0.5스푼| 대파 1/4대
두부치즈케익,[재료] 두부 185g| 크림치즈 200g| 생크림 40cc| 다이제쿠키 150g| 버터 40g| 계란노른자 2개| 설탕 30g| 레몬즙 15cc| 오렌지술 2T| 오렌지액 1ts| 박력분 30g [머랭] 흰자 3개| 설탕 50g [콩조림] 물 2컵| 설탕 1/2컵| 콩 1컵
라볶이,[재료] 멸치 15마리| 다시마 5조각| 말린표고버섯 2개| 물 3~4컵| 떡볶이떡 1줌| 어묵 2장| 대파 1줄기| 양파 1/2개| 삶은달걀 취향껏| 라면 1개 [양념] 고운 고춧가루 1~2큰술| 간장 2큰술| 설탕 1큰술| 요리당(물엿) 1+1/2큰술
깡장,[재료] 돼지고기 1줌| 오징어 1마리| 양파 큰것 1개| 홍고추 1개| 풋고추 1개| 청양고추 1개| 대파 1/4대| 멸치육수 1컵 [돼지고기양념] 생강술 또는 청주 1큰술| 다진 마늘 0.5큰술| 후춧가루 약간 [양념장] 참기름 1큰술| 시판쌈장 3큰술| 된장 1큰술| 고추장 1큰술| 맛술 1큰술| 다진 마늘 0.5큰술| 고춧가루 1큰술
밤조림,[재료] 밤 1kg [양념] 설탕 500g| 중조 4ts| 럼주나 브랜디 1/2컵| 소금 약간| 물 500g
티라미수컵케익,[재료] 마스카포네 250g| 플레인요구르트100g| 설탕 60g| 레몬즙 1Ts| 계란 2개| 설탕 1Ts| 판젤라틴 2장| 생크림 200g| 녹차스폰지케익 350g| 코코아가루 적당량 [커피시럽] 물 120ml| 설탕 3Ts| 커피 2Ts
닭발,[재료] 뼈없는 닭발 3팩| 깻잎 10장| 포도씨유 1큰술 [양념] 청주 2큰술| 허브솔트 2큰술| 통깨 1큰술| 고추장 3큰술| 고춧가루 3큰술| 진간장 2큰술| 맛술 1큰술| 다진 마늘 2큰술| 다진 생강 1큰술| 설탕 1큰술| 요리당 1큰술| 매실액 1큰술| 참기름 1큰술| 후추 1큰술
크로켓,[재료] 디츠다짐 1봉지| 두부 1/2모| 각종야채 적당량| 녹말가루 3Ts| 계란 1~2개| 빵가루 2컵| 녹말가루 1/2컵| 포도씨유 약간 [양념] 소금 2ts| 후추 2ts
초코칩케이크,[재료] 루프 유기농 초코칩 파운드 믹스 1팩| 계란 3개| 카놀라유 100ml| 버터 150g
복숭아찹쌀떡,[재료] 찹쌀가루 100g| 설탕 50g| 물 180g| 체리쥬스가루 1ts| 팥소 150g| 녹말가루 1/2컵| 코코넛가루 1/2컵
브런치,[재료] 밀가루 40g| 찹쌀가루 10g| 달걀 1개| 소금 조금| 우유 100ml| 달걀| 브로콜리| 식용유 조금| 햄| 버터
굴무밥,[재료] 쌀 2+1/2컵| 물 2컵| 굴 1줌| 무 450g| 돗나물 2줌 [양념] 진간장 1/2컵| 다진 마늘 0.5스푼| 쪽파 썬것 1/2컵| 참기름 2스푼| 깨소금 1스푼| 고춧가루 1스푼
멀티그레인곡물빵,[재료] 루프 멀티그레인 믹스 1팩| 물 300~330ml| 올리브유 1큰술
밥샌드위치,[재료] 밥 1공기| 빵 4쪽| 김치 약간| 애호박 약간| 새송이버섯 약간| 피망 약간| 식용유 약간| 마요네즈 2큰술| 고추장 0.5큰술 [양념] 소금 약간| 후추 약간
와플,[재료] 핫케이크믹스 300g| 우유 200ml| 계란 1개| 생딸기 10개 [양념] 메이플시럽 취향껏| 휘핑크림 취향껏
들깨무국,[재료] 무 중간크기 1/2개| 다진대파 2큰술 [양념] 깨 2큰술| 국간장 1큰술| 들기름 1큰술| 다진마늘 1작은술| 볶은 소금 1/2작은술
연근전,[재료] 연근 165g| 새우살 150g| 빨간파프리카 약간| 녹색파프리카 약간| 밀가루 1/2컵| 양파 30g| 당근 10g [양념] 계란노른자 1개| 소금 0.3스푼| 후춧가루 약간| 생강가루 약간
홈런볼,[재료] 버터 50g| 물 60g| 우유 60g| 설탕 4g| 소금 약간| 중력분 75g| 달걀 2.5개| 생크림 100g| 초콜릿 50g| 꿀 10g
해물볶음라면,[재료] 라면사리 1개| 새우 2마리| 오징어 1/4마리| 양파 1/2개| 당근 1/5개| 콩나물 1줌| 홍고추 1개| 청고추 1개| 대파 1/4뿌리| 다진마늘 0.5큰술| 다진생강 0.3큰술| 포도씨유 2큰술 [양념] 간장 1.5큰술| 굴소스 1큰술| 고춧가루 0.5큰술| 설탕 1큰술| 참기름 0.5큰술 [비린내제거용] 소금 약간| 후춧가루 약간| 맛술 1큰술
찹쌀경단,[재료] 찹쌀가루 300g| 물 11스푼| 고운팥앙금 적당량| 노랑카스테라가루 약간| 연두색카스테라가루 약간| 흑임자가루 약간| 계피가루 약간| 생밤 1개| 대추 4개
냉이순두부찌개,[재료] 멸치다시마육수 2컵| 냉이 데친것 1컵| 바지락조개 1컵| 계란노른자 1개| 애호박 1/4개| 양파 1/2개| 대파 1/2대| 풋고추 1/2개| 홍고추 1/2개| 순두부 1봉지 [양념] 다진 마늘 0.5큰술| 참기름 1큰술| 맛있는찌개가필요할때 양념 5큰술| 후춧가루 약간
잡채,[재료] 당면 1줌| 시금치 데친 것 1줌| 돼지고기 채 1컵| 새송이버섯 2송이| 양파 1/2개| 당근 1/4개| 목이버섯 불린것 3장 [양념] 진간장 4스푼| 소금 0.5스푼| 흑설탕 3스푼| 다진 마늘 0.5스푼| 식용유 2스푼| 참기름 1스푼| 후춧가루 약간| 깨소금 1스푼 [돼지고기 밑간] 소금| 후춧가루 약간| 생강 약간| 맛술 약간
생크림케이크,[제노와즈] 계란 4개| 설탕 110g| 박력분 110g| 버터 30g| 바닐라액 1ts| 오렌지술 1T| 생크림 1컵| 설탕 20g [장식] 벚꽃절임 적당량| 피스타치오 적당량| 컬러슈가 적당량 [오렌지시럽] 오렌지 1/2개| 설탕 1/2컵| 물 1컵| 오렌지술 1T
까망베르치즈케이크,[재료] 까망베르치즈 170g| 생크림 100g| 계란노른자 3개| 설탕 40g| 박력분 35g| 레몬즙 2T| 오렌지술 2T| 오렌지액 1ts| 제노아즈 1장 [장식] 슈가파우더 3T| 견과류 약간| 초코렛 약간 [머랭] 흰자 3개| 설탕 40g
시래기들깨탕,[재료] 사골국물 13컵| 시래기 350g| 송송 썬 대파 3스푼 [양념] 된장 4스푼| 들기름 1스푼| 다진 마늘 1스푼| 들깨가루 5스푼| 소금 약간| 후춧가루 약간
크림치즈딸기카나페,[재료] 크래커| 딸기| 귤| 블랙올리브| 슬라이스햄| 방울토마토| 치즈| 크림치즈 [양념] 크림치즈
동태전,[재료] 동태포 500g| 밀가루 6큰술| 달걀 4개 | 다진 대파 2큰술 | 다진 붉은고추 1개 [양념] 핫소스 1큰술| 소금 약간| 후춧가루 약간
꽁치김치찌개,[재료] 꽁치 1캔| 김치 1/4포기| 양파 1/2개| 홍고추 1개| 대파 1/2뿌리| 김치국물 1/2컵| 물 2.5컵| 식용유 1T [양념장] 다진마늘 0.5T| 고춧가루 1T| 소금 약간
연근전,[재료] 연근 작은크기 1뿌리| 계란 3개| 밀가루 1/3컵| 식용유 약간| 풋고추 1/2개| 식초 2스푼| 홍고추 1/2개 [양념] 소금간 1ts
모카쿠키,[재료] 아몬드 100g| 헤이즐넛 100g| 피스타치오 50g| 계란흰자 60g| 커피가루 10g| 흰설탕 180g
갈치조림,[재료] 갈치 1마리| 무 1줌| 감자 1/2개| 물 2컵| 풋고추 2개 [양념] 고춧가루 2큰술| 고추장 0.5큰술| 다진 마늘 1큰술| 간장 2큰술| 설탕 0.5큰술| 참기름 약간| 맛술 1큰술
초콜렛,[재료] 생크림 120g| 다크초콜렛 200g| 밀크 초콜렛 110g| 물엿 10g| 버터 20g| 깔루아 40ml| 코코아가루 적당히
코다리양념구이,[재료] 코다리 1마리| 다진대파 1/4뿌리 [양념] 고춧가루 1큰술| 간장 5큰술| 다진 마늘 0.5큰술| 참기름 0.5큰술| 설탕 1큰술| 맛술 1큰술
쿠키,[재료] 아몬드 100g| 헤이즐넛 100g| 피스타치오 50g| 계란흰자 60g| 커피가루 10g| 흰설탕 180g
빵,[재료] 강력분 300그램| 설탕 35그램| 계란 1개| 소금 5그램| 인스턴트 드라이이스트 8그램| 버터 30그램| 우유 180ml
고구마크림치즈구이,[재료] 고구마 큰것 4개(870g)| 계란노른자 1개 [양념] 설탕 50g| 크림치즈 100g| 무염버터 70g
부추된장국,[재료] 부추 1/2줌| 국물용멸치 3마리| 다시마 10cm 1장| 물 4컵| 두부 1/4모| 붉은고추 1개 [양념] 된장 1큰술| 고춧가루 0.3큰술| 다진마늘 0.5큰술| 소금 약간
깐풍코다리,[재료] 코다리(중간크기) 4마리| 양파 1/2개| 빨간 피망 1/2개| 파란 피망 1/2개| 대파 1/4대| 건고추 4~5개| 통마늘 3알 [튀김옷] 계란 2개| 녹말가루 1/2컵| 박력쌀가루 1/2컵| 소금 0.5 작은술 [코다리 밑간] 소금 0.5큰술| 생강술 2큰술| 후춧가루 약간 [양념장] 고추기름 2큰술| 진간장 4큰술| 굴소스 1큰술| 설탕 3큰술| 식초 6큰술| 올리고당(또는 물엿) 2큰술| 생강술 2큰술| 고추기름 2큰술| 후춧가루 약간| 참기름 1큰술
아몬드초콜렛,[재료] 통아몬드 300g| 설탕 90g| 물 30g| 다크 초콜렛 500g| 버터 1/2큰술| 슈가 파우더나 코코아가루 적당량
딸기케이크,[재료] 딸기 작은사이즈 약40개| 제노아즈 1장 [커스터드크림 재료] 계란노른자6개| 설탕150g| 박력분50g| 생크림100g| 바닐라액 ts [딸기젤리 재료] 딸기퓨레 1컵| 미로와 1/2컵| 물엿 3T| 판젤라틴 3장
부추제육볶음,[주재료] 부추 2줌| 돼지고기목살 1근 [부재료] 양파 1/2개| 붉은고추 2개 [고기양념] 맛술 2큰술| 소금 약간| 후춧가루 약간 [양념장] 고추장 4큰술| 고춧가루 0.5큰술| 간장 1큰술| 다진마늘 1큰술| 설탕 0.5큰술| 참기름 0.3큰술
모카초코칩머핀,[재료] 버터 100g| 설탕 120g| 달걀 2개| 박력분 250g| 우유 120g| 인스턴트커피 2T| 베이킹파우더 4g| 초코칩 100g
묵은지꽁치조림,[재료] 꽁치| 묵은지| 무 [양념] 고춧가루| 후춧가루| 다진마늘
치킨탕수육,[재료] 닭가슴살 500g| 간장 1큰술| 레몬주 1큰술| 식용유 적당량  [튀김옷 재료] 불린 녹말 60g| 부침가루 40g| 달걀 1개 [소스] 양파 1/2개| 당근 1/2개| 청오이 1/2개| 레몬 1/2개| 목이버섯 2송이| 간장 2큰술| 식초 6큰술| 설탕 6큰술| 물 250ml| 물녹말 4큰술
버터롤샌드위치,[재료] 당근| 오이| 고구마| 표고버섯| 소세지| 버터롤빵| 달걀| 양상추| 치즈 [양념] 소금 약간| 후추 약간
청크초코칩쿠키,[재료] 계란 1개| 박력분 150g| 코코아 가루 13g| 베이킹 파우더 3g| 청크 초코칩 60g [양념] 버터 100g| 설탕 60g| 소금 적당량
완자조림,[재료] 다진고기| 연근 1/2개| 당근 1/4개| 고추(or부추) 다진 것 조금| 다진마늘 1T| 빵가루 [고기밑간] 소금 조금| 후추 조금| 청주 3T [간장소스] 간장 5T| 올리고당 2T| 참기름 1T| 청주 3T| 굴소스 1T
김치칼국수,[재료] 밀가루 2컵| 물 2/3컵| 김치| 청양고추| 멸치 5~6개| 다시마 1장 | 느타리버섯 조금 [양념] 소금 약간| 고춧가루 1/2스푼 
찹쌀떡,[재료] 찹쌀가루 5컵 [양념] 팥 2컵| 소금 1t| 설탕 1.5컵| 전분가루
상투과자,[딸기 상투과자 재료] 흰앙금 250g| 아몬드가루 25g| 달걀 노른자 1/2개| 딸기요구르트 1TS| 딸기파우더 1Ts [골드키위 상투과자 재료] 흰앙금 250g| 아몬드가루 25g| 달걀 노른자 1/2개| 골드키위 요구르트1Ts| 골드키위 1개
잡채,[재료] 당면 150g| 당근| 양파| 피망| 목이버섯 [양념] 간장 6큰술| 설탕 1.5큰술| 참기름 1큰술| 통깨 약간 | 소금 약간 
크레미크림스파게티,[재료] 크레미 4개| 브로콜리 1줌| 베이컨 5줄| 양송이 4개| 양파 1/3개| 마늘 4개 [양념] 시판용크림스파게티소스
김치치즈계란말이,[재료] 계란 5개| 우유 3T| 김치 1줌| 피자치즈 1줌 [양념] 소금 1꼬집
야채크래커,[재료] 당근 170g| 양파즙 (양파 80g) 2ts| 무염버터 30g| 달걀 노른자 1개| 박력분 130g| 베이킹파우더 1/4ts| 베이킹 소다 1/4ts| 파슬리 말린 것 1ts [양념] 설탕 30g| 소금 1/4ts
조갯살잔치국수,[재료] 소면 200g| 마른 조개살 100g| 느타리버섯 1줌| 표고버섯 5장| 아삭이고추 1개| 달걀 2개| 오이 1/2개| 김치 조금 [조개살 양념] 진간장 1/2큰술| 굴소스 2큰술| 설탕 1작은술| 다진 마늘 1작은술| 혼다시 1작은술| 식용유 조금 [멸치국물] 물종이컵 10컵) 2리터| 멸치 약 30마리| 다시마 1장| 무 1토막| 대파 3개| 달걀 껍질 2개| 진간장 5큰술| 조선간장(국간장) 10큰술| 혼다시 1큰술| 설탕 3큰술| 소금 1작은술| 후추 약간 | 다진 마늘 조금| 소주 1큰술| 가스오부시 1/2주먹가량
배죽,[재료] 배 1개| 쌀 1컵| 물 10컵
쌀죽,[재료] 미나리 1/2단| 쌀 1공기 [양념] 사골육수 2컵| 소금 1작은술| 흑임자 조금
생선커틀릿샌드위치,[재료] 생선커틀릿 2pcs| 양상추 3~4장| 양파 1개 [양념] 마요네즈 적댱랑 | 허니머스타드소스 적당량
닭봉콜라조림,[재료] 닭봉 5개| 닭날개 6개| 대파 1/2대| 마늘 7쪽| 생강 1톨| 청고추 1개| 홍고추 1/2개 [소스] 콜라 20큰술| 간장 5큰술| 굵은소금 약간 
꽃게카레볶음,[재료] 꽃게 2마리| 녹말가루 3~4큰술| 생강 1톨| 마늘 3쪽 [양념] 카레가루 2~3큰술| 맛술 2큰술| 소금 약간 | 후추 약간 
계란돼지고기장조림,[재료] 돼지고기 안심 1근 (600그램)| 통후추 1작은술| 월계수잎 1장| 물 1.5리터| 삶은계란 3개 [양념] 국간장 1큰술| 고기 삶은 육수 1.2리터(6컵)| 간장 1컵| 설탕 3큰술| 물엿 1/2큰술
콩나물김치국,[재료] 신김치 1줌| 콩나물 1줌| 다시멸치 8마리| 대파 1대| 통마늘 2개| 다진 마늘 1큰술 [양념] 액젓(국간장) 1큰술| 후추 약간| 소금 약간(기호에따라)
연어데리야끼조림,[재료] 연어 1조각 [연어밑간] 소금| 후추 [데리야끼소스] 간장 5큰술| 물엿 2큰술| 설탕 1큰술| 미림 2큰술| 생강 1톨| 대파 2조각| 레몬 1~2조각| 양파 1/4개
레몬마들렌,[재료] 중력분 105g| 버터 150g| 아몬드 가루 60g| 베이킹 파우더 4.5g| 설탕 100g| 꿀 30g| 달걀 3개| 레몬즙 3큰술
또띠아피자,[재료] 또띠아| 감자말이새우| 모짜렐라치즈| 양송이버섯| 고추 [양념] 토마토페이스트
고추무침,[재료] 풋고추 5~6개 [양념] 고추장 1/2큰술| 고추가루 1/2큰술| 설탕 1/2큰술| 식초 약간 | 다진마늘 1/2큰술| 깨소금 약간 
단호박,[재료] 단호박 1통| 견과류| 건포도 [양념] 버터| 설탕| 소금
어묵김치국,[재료] 어묵 130g| 김치 1줌| 채썬 무 1줌 [양념] 멸치다싯물 6컵| 대파 0.3대| 새우젓 1작은술| 고춧가루 2/3큰술
냉이된장무침,[재료] 냉이 200g| 소금 조금 [양념] 된장 1큰술| 고추장 1작은술| 고춧가루 1큰술| 참기름 조금| 다진마늘 1작은술| 다진파 1큰술| 실고추 조금| 통깨 1큰술
샌드위치,[재료] 빵| 꿀| 햄| 계란
낙지볶음,[낙지볶음 재료] 낙지 3마리| 대파 2대| 매운고추 2개| 배추 3잎| 당근 약간| 양파 1/2개| 새송이버섯 2개| 참기름 1작은술| 삶은계란 4개 [과메기 재료] 배추| 다시마| 김| 청양고추 [낙지볶음 양념] 고추가루 3큰술| 고추장 2큰술| 간장 2큰술| 설탕 2큰술| 물엿 1큰술| 다진 마늘 1큰술| 들기름 1큰술| 표고가루 1큰술| 청주 2큰술 [과메기 양념] 초고추장
수플레치즈케이크,[재료] 크림치즈 320g| 플레인 요구르트 50g| 생크림 100ml| 달걀 3개| 레몬즙 3큰술| 제누와즈 1장| 설탕 50g| 콘스타치 3큰술
새싹비빔밥,[재료] 밥 1공기| 새싹 큰거 1팩(작은거 3팩)| 계란 2개| 양파 1.2개| 새송이버섯 2개| 쇠고기 100g [양념] 고추장 3큰술| 설탕 1작은술| 다진 마늘 1작은술| 참기름 약간 | 후추 약간 
호두조림,[재료] 호두 [양념] 간장 1스푼| 벌꿀 1스푼| 맛술 1/2스푼| 후추 조금| 흑마늘진액 조금
치즈오븐스파게티,[재료] 마늘 8쪽| 양파 1/2개| 청량고추 1개| 양송이버섯| 새우 등 해산물 적당량| 스파게티면 160-200g [양념] 토마토 페이스트 7-8큰술| 마른허브잎| 소금| 후추| 올리브 오일 적당량 | 모짜렐라치즈| 파마산치즈가루| 파슬리가루 적당량
소고기버섯덮밥,[재료] 불고기용 소고기 180g| 생표고버섯 130g| 양파(소) 1개| 계란 3개| 당근 약간| 대파 약간| 김가루 약간 [소스] 다시육수(300ml) 1.5컵| 진간장 2T| 맛술 2T| 설탕 1T [육수 ] 물(1.5L) 7.5컵| 다시마(사방 5cm) 3장| 가쓰오부시 1.5줌
코다리찌개,[재료] 코다리| 콩나물 1줌 | 무 1/4개 | 청경채| 두부 1모 | 미더덕 [양념] 된장 2큰술| 물 6컵
가리비초무침,[가리비탕재료] 가리비 6개| 그린홍합 4개| 무(50g) 1토막| 홍고추 1개| 미나리 조금 [가리비초무침재료] 알가리비 200g| 조갯살 100g| 미나리 1/4단| 홍고추 1개| 오이 1/2개| 당근 1/4개| 대파 1/2줄기| 북어포 10쪽 [가리비탕 양념] 통마늘 2개| 소금 2작은술| 후추 조금 [해물 육수] 물 6컵| 다시마(10x10cm) 1장| 북어포 5쪽| 조개 4알| 건새우 10마리정도| 대파 1/2줄기| 양파 1/3쪽 [가리비초무침 양념] 청주 1큰술| 소금 2작은술| 고추장 2큰술| 설탕 1큰술| 식초 1큰술| 소금 2작은술| 고춧가루 1큰술| 다진 마늘 2작은술| 깨소금 조금
청포묵국,[재료] 청포묵| 대파| 갈비살| 닭육수 [고기밑간] 마늘| 후추| 진간장| 참기름| 대파 [양념] 국간장| 소금
죽순초무침,[죽순탕 재료] 마른새우| 죽순통조림| 대파| 마늘| 다시마 작은것 2장| 무 1조각| 순두부 2큰술| 참나물 약간 [죽순 초무침 재료] 통죽순 1개| 오이 1개| 도라지 1주먹 [죽순탕 양념] 참기름| 소금 약간| 후추가루 약간 [죽순 초무침] 고추장 2큰술| 설탕 1큰술| 식초 1큰술| 소금
콩나물,[콩나물초장무침재료] 삶은 콩나물 1공기분량| 오이 1/2개 [콩나물 무침 1] 삶은 콩나물 1공기분량| 붉은 고추 1/2개| 부추 조금 [콩나물 무침 2] 삶은 콩나물 1공기분량| 당근 조금| 대파 조금| 양파 조금 [콩나물 겨자채] 오징어 몸통 1/2쪽| 해파리 조금| 오이 1/2개| 당근 1/3개 [콩나물 초장 무침양념] 초장 3큰술| 다진 마늘 1작은술| 통깨 조금 [콩나물 무침1 양념] 혼다시 1작은술| 소금 1작은술| 다진 마늘 1작은술| 참기름 조금| 참깨 조금 [콩나물 무침2 양념] 고춧가루 1/2큰술| 다진 마늘 1작은술| 천일염 2작은술| 참기름 조금| 통깨 조금 [콩나물 겨자채 양념] 마요네즈 1큰술| 설탕 2큰술| 식초 2큰술| 간장 2작은술| 다진 양파 조금| 다진마늘 1큰술| 소금 2작은술
새우스테이크,[재료] 감자 중 1개| 새우살 200g [양념] 버터 2밥숟가락| 소금 약간 | 후추 약간 
스테이크,[재료] 돼지고기 안심 150g| 양파 1/4개| 빨간 파프리카 1/6개| 노란 파프리카 1/6개| 마늘 큰것 2톨 [소스] 디종 머스터드 2큰술| 머스터드 1.5큰술| 우유 3큰술| 레몬즙 1큰술| 설탕 1큰술| 맛술(와인) 1큰술| 물엿 1큰술| 소금 0.3큰술| 후추 0.3큰술
낙지볶음,[재료] 낙지 1마리| 양파| 대파| 청고추| 홍고추| 양배추| 당근 [양념] 낙지삶은물 5큰술| 고춧가루 2큰술| 고추장 1/2큰술| 매실엑기스 1큰술| 미림 1큰술| 물엿 2~3큰술| 간장 1큰술| 다진파 1큰술| 다진마늘 1/2큰술| 참기름 1큰술| 생강즙 1/2큰술| 굵은소금 약간 | 후추 약간 
더덕고추장구이,[재료] 더덕 220g| 통깨 약간 | 참기름 약간  [양념] 고추장 2큰술(작게)| 고춧가루 1큰술| 매실엑기스 1큰술| 물엿 2큰술| 설탕 1/2큰술| 미림 1큰술| 간장 1큰술| 양파즙 1큰술| 다진파 1큰술| 다진마늘 1/2큰술| 소금 약간 
대하콩나물찜,[재료] 콩나물 2줌| 대하 10마리| 대파| 청양고추| 홍고추| 녹말물 1.5큰술 [양념] 고춧가루 3큰술| 국간장 1큰술| 다진파 1큰술| 다진마늘 1큰술| 양파즙 1큰술| 맛술 2큰술 참기름 1/2큰술| 후추 약간 | 다시마육수 1/2컵| 생강즙 1/2큰술| 굵은소금
고추기름,[재료] 식용유 150cc [양념] 굵은 고춧가루 2큰술
블루베리구겔호프,[재료] 박력분 330g| 블루베리(파이필링) 100g| 버터 240g| 설탕 180g| 아몬드 파우더 60g| 계란 3개| 바닐라 오일 적당량| 베이킹 파우더 9g
간장깻잎조림,[재료] 깻잎 4묶음| 물 1컵 [양념] 게장 달임장 7큰술| 고춧가루 2큰술| 다진 마늘 1/2큰술| 청고루 1개| 홍고추 1/2개| 다진 대파 2큰술
간장게장,[재료] 냉동알베기꽃게 1키로| 양파 1개| 청양 고추 1개| 홍 고추 1개| 마늘 5쪽| 생강 1톨| 건표고버섯 3개 [양념] 국간장 1컵| 진간장 8컵| 물 8컵| 소주 1컵| 배 큰거 1개| 양파 2개| 마늘 1통(6쪽정도)| 청양고추 3개| 대파 뿌리 5개| 다시마 1장| 다진 생강 2큰술(편썬생강한톨)
꼬마김밥,[재료] 밥| 시금치나물| 단무지| 햄| 계란| 우엉조림| 김밥김 [양념] 소금 약간 | 참기름 약간 | 깨소금 적당량
포테이토피자,[도우(지름 15cm 5개분)] 강력분 200g| 소금 2/3작은술| 설탕 2/3큰술| 물 100g| 드라이 이스트 1작은술| 올리브유 1큰술 [토핑] 감자 250g| 토마토소스 5큰술| 양파 100g| 블랙올리브 슬라이스 50g| 모짜렐라치즈 130g| 후추 조금| 바질 조금| 파슬리 조금| 소금 약간
오징어볶음,[재료] 오징어 2마리| 떡볶이떡 1줌| 양파 큰것 1/2개| 양배추 2장| 느타리버섯 1줌| 대파 1줄기| 물 1/4컵| 포도씨유 1큰술 [양념] 다진마늘 1/2큰술| 고추장 2큰술| 굴소스 2큰술| 간장 1큰술| 설탕 2작은술| 매실청 1/2큰술| 고추가루 1큰술| 후추가루 약간| 통깨 약간
닭볶음탕,[재료] 닭 1마리| 마늘 6쪽| 양파 1개| 감자| 당근| 버섯| 파프리카| 파| 청량고추 [양념] 고추장 2큰술| 고추가루 3큰술| 간장 1.5 - 2큰술| 물엿 2큰술| 다진마늘 2큰술| 청양고추다진것| 요리술 1/2컵
라씨,[재료] 통아몬드 10개| 우유 1/2컵| 떠먹는 요구르트 1큰술 [양념] 매실액기스 2큰술| 올리고당 1작은술
고기칼국수,[재료] 한우국거리용| 대파| 칼국수면| 양파| 대파| 당근| 소고기| 검은깨 [양념] 간장| 후춧가루| 다진마늘| 올리고당| 국간장| 통후추| 청주
굴국밥,[재료] 생굴 250g| 달걀 2개| 다시멸치 조금| 어슷썬대파 조금 [양념] 소금| 후추
홈런볼,[재료] 무염버터 150g| 물 300g| 설탕 2g(1/2ts)| 소금 2g(1/2ts)| 박력분 150g| 달걀 260g [양념] 우유 250g| 달걀 노른자 60g| 설탕 60g| 박력분 25g| 무염버터 25g| 바닐라 엑스트렉 1/2ts| 생크림 200g| 설탕 20g
대추케이크,[재료] 대추 170g| 두유 250g| 포도씨유 80g| 베이킹소다 1/2ts| 베이킹파우더 1ts| 우리밀통밀 150g| 호두 80g| 물 200g [양념] 계피가루 1/4ts| 설탕 120g| 소금 1/4ts
숙주나물무침,[재료] 숙주나물 2웅큼| 오이 1+1/2개| 양파 1개| 청양고추 5개 [숙주나물양념] 소금(볶은소금) 2/3작은술| 다진 마늘 1작은술| 참기름 1작은술 [채소간장절임 양념] 간장게장절임장| 식초| 설탕
삼겹살파인애플말이,[재료] 삼겹살 4줄| 통조림 파인애플 3쪽 [양념] 다시마물 1큰술| 간장 2큰술| 설탕 1큰술| 청주 1큰술| 생강즙 약간
닭구이,[재료] 닭 1마리| 송송 썬 청양고추 2개| 쪽파 약간 [갈아서 넣을 양념재료] 통조림 파인애플 2쪽| 통조림 국물 3큰술| 통마늘 5큰술| 양파 1/2개| 청양고추 5개 [양념] 고추장 듬뿍 2큰술| 간장 5큰술| 고춧가루 4큰술| 설탕 1큰술| 후추 1작은술| 통깨 1큰술
치즈머핀,[재료] 박력분 140g| 버터 140g| 황치즈 가루 14g| 베이킹 파우더 2g| 계란 2개| 설탕 100g
아몬드머핀,[재료] 박력분 200g| 아몬드슬라이스| 호두| 해바라기씨| 호박씨 | 토핑용 아몬드 슬라이스 조금| 버터 150g| 아몬드 가루 40g| 달걀 4개| 설탕 150g| 베이킹 파우더 4g| 바닐라오일
새송이버섯전,[재료] 새송이버섯 3개(중)| 계란 2개| 밀가루 약간| 식용유 약간| 새싹(옵션)
황태해장국,[재료] 황태 50g| 다시마육수 3큰술| 무우 50~70g| 계란 1개| 다진마늘| 대파| 홍고추| 다시마 1장( 5*10cm)| 물 3컵 [양념] 국간장 1큰술| 미림 1큰술| 참기름 1/4작은술| 소금 약간 | 후추 약간 
호두연근조림,[재료] 호두 35g| 연근 200g [양념] 간장 5큰술| 물 2컵| 물엿 3~5큰술| 식초 1큰술| 맛술 1큰술| 설탕 2큰술
전주콩나물국밥,[재료] 콩나물 1줌| 밥 1공기| 멸치육수| 계란 1개| 대파| 홍고추 [콩나물무침 양념] 국간장 1큰술| 고춧가루 1/2큰술| 소금| 다진파| 마늘 [국밥 양념] 새우젓 1큰술| 깨소금 약간 | 참기름 약간 
삼계탕,[재료] 닭봉 7개| 닭날개 7개| 수삼 4개| 대추 4~5개| 마늘 10개| 물 3컵 [양념] 굵은소금 약간 
닭도리탕,[재료] 닭봉 6개| 닭날개 6개| 감자(중) 2개| 깻잎 15장| 청고추 1개| 홍고추 1개| 대파| 다진마늘| 양파 1/2개| 물 3컵 [양념] 후추| 굵은 소금 [양념장] 고추장 1.5큰술| 고춧가루 1큰술(크게)| 미림 1큰술| 간장 1큰술| 물엿 1/2큰술| 참기름 약간| 다진마늘 1/2큰술
미트소스스파게티,[재료] Ground beef 다짐육 250g| 다진양파 | 황설탕| 소금| 마늘 2~3쪽| 샐러리 1대| 월계수잎 1장 [양념] 토마토홀 794G(캔)| 토마토페이스트 340G(캔)| 레드와인 2큰술| 올리브유 1큰술| 파마산치즈가루| 우스터소스 1큰술
치즈파스타,[재료] 파스타 2줌| 스파게티소스| 피자치즈 [양념] 파마산치즈가루| 소금 조금 | 올리브유 적당량 
닭고기죽순조림,[재료] 닭가슴살| 생율| 인삼| 죽순| 대추| 감초 [고기밑간] 후추 조금| 소금 약간| 미림 [소스] 간장| 올리고당| 간마늘| 소금| 설탕
바지락초무침,[재료] 냉동 바지락살 2컵| 오이 1개| 양파 1/2개| 당근 1/3개 [양념] 고추장 1큰술듬뿍| 고춧가루 1큰술| 식초 3큰술| 설탕 1큰술| 다진 마늘 2/3작은술
돈까스피자,[재료] 돈까스용 돼지고기(등심) 2개| 밀가루 적당량| 계란 2개| 빵가루 적당량| 슬라이스치즈 2장| 피자치즈 1컵| 청피망 1/4개 | 홍피망 1/4개 [양념] 소금 약간 | 후추 약간
콩나물국,[재료] 콩나물 100그램| 연하게 우린 멸치육수 3컵| 쪽파 1대 [양념] 천일염 2/3큰술| 다진마늘 1작은술
계란과자,[재료] 박력분 120g| 코코아가루 40g| 레몬필 1큰술| 달걀 2개| 달걀노른자 1개 [양념] 버터 80g| 슈가파우더 80g| 소금 조금
사각김밥,[재료] 밥 2공기| 김 1장| 훈제연어 슬라이스 4장| 슬라이스 햄 2장| 오이 1개 [단촛물 ] 식초 2큰술| 설탕 1큰술| 소금 1작은술
열무김치,[재료] 열무 1단| 무 1/3개| 오이 1개| 붉은 고추 2개| 당근 1/3개 [양념] 굵은 소금 1공기| 사골육수 2컵| 고춧가루 1/2공기| 다진 마늘 2큰술| 다진 생강 2작은술| 생수 3리터| 소금 3큰술| 설탕 3큰술
고추장삼겹살주물럭,[재료] 삼겹살 600g [양념] 설탕 2큰술| 생강즙 1큰술| 고추장 2큰술| 꿀(물엿) 2큰술| 진간장 1큰술| 다진 마늘 1큰술| 참기름 조금 | 통깨 조금
어묵국,[재료] 사각어묵 3장| 무 1/4개| 당근 1/6개| 대파 1개 [양념] 국간장 1큰술| 소금 약간| 후추 약간| 청주 1작은술 [육수] 다시마 1장| 멸치 5~6개| 물 6컵
카레볶음밥전,[재료] 밥 2공기| 다진 소고기 100g| 붉은 피망 1/2개| 피망 1/2개| 밀가루 1/2컵| 달걀 2개| 식용유 조금 [양념] 카레가루 3큰술| 소금 1/2작은술| [소고기 양념]| 간장 1/2큰술| 후추가루 조금| 설탕 2작은술| 다진 마늘 1작은술
해물밥전,[재료] 밥 1공기| 밀가루 4큰술| 달걀 1개| 소금 1작은술| 식용유 조금| 알새우 100g| 오징어 몸통 1/2마리| 청피망 1개| 미니 파프리카 3개| 양파 1개 [양념] 굴소스 1큰술| 소주 2작은술| 혼다시 1작은술| 흑후추 조금
보쌈,[재료] 통삼겹살(통목살) 1kg| 한방재료 1봉| 감초 5개| 대추 10개| 당귀 조금| 통마늘 10개| 된장 2큰술| 쌈야채 적당량 | 들깨송이장아찌 조금 | 산초장아찌 조금| 고추 조금 | 마늘 조금 [양념] 쌈장 적당량 | 새우젓 조금
굴칼국수,[재료] 칼국수면 2인분| 배춧잎 초록부분 2장| 애호박 채썬것 1컵| 굴| 마늘다진것 1Tbs| 쪽파 초록부분 3줄기 [양념] 석화 육수 8컵| 통후추 10개| 물 8컵
